Id;Genre;Probabilities
NKiMoM0dO1Q;Comedy; {'23': 0.3, '20': 0.0375, '24': 0.0125, '2': 0.025}
7LuTGEtWKf0;Comedy; {'23': 0.3374, '24': 0.0125, '1': 0.0125, '2': 0.0125}
GLw3TPRtegg;Comedy; {'23': 0.0484, '24': 0.0062, '20': 0.0062, '10': 0.0015}
QZGlhkeehZ4;Comedy; {'23': 0.0136, '24': 0.0021, '22': 0.0015, '20': 0.0001}
QrH28LslpWM;Comedy; {'23': 0.1055, '24': 0.0055}
HR4YBpLYb-8;Comedy; {'23': 0.7, '22': 0.2, '24': 0.1}
3lOX7K8_cHM;Comedy; {'23': 0.4, '20': 0.1, '1': 0.1, '24': 0.2, '2': 0.1, '22': 0.1}
HHI8KAzlCKo;Comedy; {'23': 0.9, '24': 0.1}
ZDfAUECD_tY;Entertainment; {'23': 0.9999}
S8gCAIABPM0;Comedy; {'23': 0.7999, '24': 0.2}
QrXm2U8dfOo;Comedy; {'20': 0.0001, '23': 0.0029, '2': 0.0004, '22': 0.0005, '24': 0.0002, '1': 0.0003, '10': 0.0}
0X3DRFa11dk;Comedy; {'23': 0.6, '24': 0.3, '22': 0.1}
5AObrH_wWBE;Comedy; {'23': 0.6, '28': 0.1, '24': 0.1, '22': 0.1, '1': 0.1}
gfkfu5bWIlc;Comedy; {'23': 0.7999, '20': 0.1, '2': 0.1}
1U7M1mEMvsU;Film & Animation; {'23': 0.0113, '20': 0.0003, '2': 0.0015, '24': 0.0015, '22': 0.0007}
TTSEDCpMI90;Comedy; {'23': 0.0888, '22': 0.0055, '24': 0.0055, '15': 0.0055, '10': 0.0055}
159idhAvpgU;Comedy; {'23': 0.0999, '24': 0.0111}
EskpU46thdg;Comedy; {'23': 0.0499, '20': 0.002, '24': 0.0041, '10': 0.002, '2': 0.002, '22': 0.002}
TxfcHGQE6xI;Comedy; {'23': 0.0248, '24': 0.0048, '10': 0.004, '2': 0.004, '1': 0.0024}
JqDD6XVLj2k;Comedy; {'23': 0.9, '24': 0.1}
SatDmzzuYqU;Comedy; {'23': 0.1055, '10': 0.0055}
b76ESyLsSlc;Comedy; {'23': 0.0169, '10': 0.0003, '2': 0.0003, '22': 0.0003, '24': 0.0023}
25RVrrogfyg;Comedy; {'23': 0.9, '22': 0.1}
axtgFRvTEwM;Comedy; {'23': 0.0888, '24': 0.0166, '10': 0.0055}
ZlraBkzeit4;Comedy; {'24': 0.0111, '23': 0.0888, '10': 0.0055, '2': 0.0055}
S5FaiokJEss;Comedy; {'23': 0.1055, '1': 0.0055}
Bz4eYfZ3t3k;Entertainment; {'23': 0.0833, '24': 0.0222, '20': 0.0055}
nQIplI1FocU;Gaming; {'23': 0.0037, '20': 0.0004, '2': 0.0005, '10': 0.0001, '24': 0.0003, '22': 0.0, '25': 0.0, '1': 0.0, '27': 0.0}
aK44gov4ELc;Comedy; {'23': 0.0091, '2': 0.0012, '20': 0.001, '24': 0.0006}
Pg1QPuXBnMw;Gaming; {'20': 0.1, '23': 0.6499, '22': 0.05, '10': 0.15, '1': 0.05}
2tTOJvw6EQA;Comedy; {'23': 0.0256, '20': 0.004, '22': 0.004, '24': 0.0024, '1': 0.0016, '2': 0.0024}
PdFB7q89_3U;Comedy; {'23': 0.4, '24': 0.5, '10': 0.1}
Umm0kxOx3FI;Comedy; {'23': 0.0833, '24': 0.0111, '10': 0.0111, '2': 0.0055}
E-BZmD0OfZg;Comedy; {'23': 0.7, '24': 0.2, '10': 0.1}
E3te2FP6AWg;Comedy; {'23': 0.0043, '2': 0.0006, '24': 0.0007, '1': 0.0003, '22': 0.0, '20': 0.0001, '28': 0.0}
q1Km6E_0sLg;Comedy; {'1': 0.1, '23': 0.3, '24': 0.4, '22': 0.2}
1ukD56qosRA;Comedy; {'23': 0.036, '24': 0.0152, '22': 0.0032, '1': 0.0016}
kqoYPyHxPnE;Comedy; {'23': 0.0479, '20': 0.0062, '2': 0.0041, '24': 0.0041}
xfNplafuxz0;Comedy; {'23': 0.0503, '24': 0.0055, '20': 0.0063, '2': 0.0016}
-LGLBZxEd_A;Comedy; {'23': 0.0666, '20': 0.0111, '24': 0.0111, '2': 0.0055, '22': 0.0166}
NSUjXhWuGSc;Comedy; {'24': 0.0208, '23': 0.0354, '22': 0.0041, '25': 0.002}
0wu_HivF83o;Entertainment; {'24': 0.9, '22': 0.1}
OJUcpWpJxUQ;Entertainment; {'22': 0.1, '24': 0.9}
MpcPxMCDA2w;Entertainment; {'24': 0.9, '23': 0.1}
ur8BzzNxFtE;Entertainment; {'24': 0.6, '23': 0.2, '10': 0.1, '22': 0.1}
bcY6hWJcky8;Comedy; {'23': 0.0453, '24': 0.0078, '22': 0.0078, '15': 0.0015}
DpJQMQ_47h4;Comedy; {'23': 0.3, '24': 0.4, '10': 0.1, '22': 0.1, '15': 0.1}
DiZdgAu_xBg;Entertainment; {'23': 0.7, '24': 0.15, '22': 0.1, '10': 0.05}
ARoCpelSF70;Comedy; {'23': 0.0722, '1': 0.0166, '24': 0.0055, '27': 0.0055, '10': 0.0055, '2': 0.0055}
BBMsPNI6EZE;Entertainment; {'23': 0.7, '17': 0.1, '22': 0.1, '24': 0.1}
TpKI6UXHxsw;Entertainment; {'24': 0.3, '23': 0.7}
bFDmjD3mQak;Comedy; {'23': 0.5, '22': 0.1, '24': 0.3, '17': 0.1}
t7nsAMwl1T4;Comedy; {'23': 0.7, '17': 0.1, '10': 0.1, '24': 0.1}
0nbJB56Lrrc;Comedy; {'23': 0.7999, '2': 0.1, '20': 0.1}
VhMpWj6rlp8;Comedy; {'20': 0.0037, '24': 0.037, '23': 0.0814, '22': 0.0111, '1': 0.0074, '10': 0.0037, '15': 0.0037}
0FVqjhi1qqM;Comedy; {'23': 0.0279, '2': 0.004, '20': 0.004, '24': 0.002, '1': 0.002}
s1VkPy8y7gw;Comedy; {'23': 0.0118, '10': 0.0001, '24': 0.0001, '1': 0.0001}
KZbC8IVWFNM;Comedy; {'23': 0.0032, '20': 0.0004, '24': 0.0009, '2': 0.0003, '22': 0.0004, '1': 0.0}
LnGWlSm2PJY;Comedy; {'23': 0.0888, '24': 0.0259, '2': 0.0148, '1': 0.0074, '25': 0.0037, '20': 0.0037, '22': 0.0037}
osjUBFesIhA;Entertainment; {'23': 0.021, '20': 0.0016, '2': 0.0022, '25': 0.0022, '22': 0.0005}
RjKruOQbfZw;Entertainment; {'24': 0.4, '23': 0.45, '2': 0.1, '20': 0.05}
3pXUWufkpoY;Comedy; {'23': 0.0777, '24': 0.0111, '10': 0.0111, '1': 0.0111}
-ddVcTFS87A;Comedy; {'23': 0.0499, '24': 0.0125}
-EM_KrOux_o;Film & Animation; {'24': 0.004, '2': 0.004, '22': 0.006, '23': 0.0259}
Lnlz6WGQ7Ec;Entertainment; {'23': 0.0153, '2': 0.002, '20': 0.0006, '24': 0.0006, '22': 0.0013, '10': 0.0003}
Hygf6duz30M;Comedy; {'23': 0.7, '24': 0.1, '2': 0.1, '10': 0.1}
hVsZZp3wccM;Autos & Vehicles; {'22': 0.0016, '20': 0.0006, '23': 0.0056, '24': 0.0001, '17': 0.0, '27': 0.0}
423h9r0SGh4;Entertainment; {'23': 0.7999, '24': 0.1, '15': 0.1}
T0SGPwkqhS8;Comedy; {'23': 0.7, '1': 0.1, '10': 0.1, '2': 0.1}
gTNHlLBXNOw;Comedy; {'23': 0.9, '24': 0.1}
hXB7w3rxTVc;Comedy; {'23': 0.7999, '22': 0.2}
7MaZfWKfWn4;People & Blogs; {'23': 0.5, '22': 0.4, '24': 0.1}
XkSO6R1KQfs;Comedy; {'23': 0.7999, '22': 0.1, '10': 0.1}
R472KMTtOJc;Comedy; {'23': 0.9, '22': 0.1}
XCmqfwT0hko;Comedy; {'22': 0.1, '23': 0.7999, '24': 0.1}
c8vleC_MgMc;People & Blogs; {'23': 0.7999, '10': 0.1, '20': 0.1}
3cX8KLOb0w8;Comedy; {'23': 0.9, '1': 0.1}
1_y312JINYY;Comedy; {'23': 0.7999, '20': 0.1, '22': 0.1}
yhazVoVCtZU;Entertainment; {'24': 0.2, '20': 0.1, '23': 0.6, '2': 0.1}
DFx9sdgmQbM;Entertainment; {'23': 0.3, '24': 0.5, '10': 0.1, '20': 0.1}
_GSZIchOt0o;Comedy; {'23': 0.1111}
h0ITsS6vPgI;Comedy; {'23': 0.0231, '17': 0.0004, '20': 0.0027, '24': 0.0013}
FPSqO_KKhaE;Comedy; {'23': 0.0159, '2': 0.002, '24': 0.0013, '20': 0.0003, '22': 0.0006}
ucdcjB2FT4U;Comedy; {'23': 0.9, '1': 0.1}
Wv7XqD1VYHQ;Comedy; {'23': 0.95, '20': 0.05}
h7GqSuYqI3w;Comedy; {'23': 0.75, '2': 0.05, '22': 0.1, '20': 0.1}
VHOOh0EOx7k;Comedy; {'23': 0.0999, '24': 0.0111}
EOE3hjLRKEo;Comedy; {'22': 0.2, '24': 0.2, '23': 0.5, '2': 0.1}
V6E5cB8m9kU;Comedy; {'23': 0.9, '24': 0.1}
3xFZxj317Ks;Comedy; {'23': 0.9999}
-xE9a-_CkLY;Comedy; {'23': 0.1055, '10': 0.0055}
DO6q7XJWK0g;Comedy; {'23': 0.0833, '20': 0.0055, '22': 0.0055, '24': 0.0111, '1': 0.0055}
CQAOrnIn6Kk;Comedy; {'24': 0.0222, '22': 0.0111, '23': 0.0777}
WQE1lKCfFgM;Comedy; {'23': 0.7999, '24': 0.1, '22': 0.1}
TXAFjhxTafg;Comedy; {'23': 0.0814, '20': 0.0037, '1': 0.0111, '22': 0.0111, '24': 0.0037}
cokPLPlhu5I;Comedy; {'20': 0.1, '23': 0.9}
nYfbM2awf6U;Comedy; {'23': 0.9, '22': 0.1}
o-IMnoG_8y0;Comedy; {'24': 0.1, '23': 0.4, '1': 0.1, '10': 0.2, '22': 0.1, '27': 0.1}
JuvAX1JgAU0;People & Blogs; {'24': 0.2, '23': 0.3, '10': 0.1, '22': 0.4}
u8AILJeugrs;Comedy; {'23': 0.0944, '22': 0.0055, '2': 0.0111}
rPjcpMJ5TNU;Film & Animation; {'1': 0.0166, '17': 0.0055, '24': 0.0333, '23': 0.0277, '2': 0.0111, '22': 0.0055, '10': 0.0111}
BcChay1nXss;Comedy; {'23': 0.0888, '24': 0.0111, '22': 0.0111}
K4fz0PAqzfo;Comedy; {'23': 0.9, '2': 0.1}
ALRLKWBuZ2w;Comedy; {'24': 0.2, '23': 0.1, '22': 0.5, '10': 0.1, '1': 0.1}
BKGolXvWVcs;Comedy; {'23': 0.9, '22': 0.1}
IUGd5fWwCow;Comedy; {'23': 0.0962, '20': 0.0111, '24': 0.0037}
JOTlKw3fzqE;Comedy; {'23': 0.9999}
J4YvI-03X80;Comedy; {'23': 0.0351, '2': 0.0008, '24': 0.0016, '1': 0.0016, '22': 0.0008}
f4MngoNzaUc;Comedy; {'23': 0.7, '24': 0.2, '22': 0.1}
rksKvZoUCPQ;Music; {'23': 0.0666, '22': 0.0055, '24': 0.0166, '26': 0.0111, '25': 0.0055, '1': 0.0055}
VZU3BDBcnpg;Comedy; {'23': 0.7999, '24': 0.1, '1': 0.1}
du7vUg-Ddes;Comedy; {'23': 0.9, '24': 0.1}
RECJnDW-_KE;Comedy; {'23': 0.7, '24': 0.2, '20': 0.1}
NIwfgrOPuQs;Comedy; {'23': 0.0944, '24': 0.0111, '1': 0.0055}
a1vg8bWH2I4;Comedy; {'24': 0.1, '23': 0.9}
Q961dViRof4;Comedy; {'23': 0.7, '22': 0.2, '24': 0.1}
R7ghDhpCLKM;Comedy; {'24': 0.5, '1': 0.1, '23': 0.3, '22': 0.1}
UnW52iopZcw;People & Blogs; {'23': 0.0483, '24': 0.1233, '22': 0.0766, '25': 0.0016}
8JxB1me4IhY;Comedy; {'23': 0.7999, '20': 0.1, '1': 0.1}
Gm3T06Au4tE;Comedy; {'24': 0.2, '23': 0.7999}
ioBAeju7mX8;Comedy; {'23': 0.9999}
BBQQUyB4x_8;Comedy; {'23': 0.9999}
RZqqsy4WCdc;Comedy; {'23': 0.7, '20': 0.1, '24': 0.2}
I_yA295MU_U;Comedy; {'23': 0.7, '20': 0.1, '24': 0.1, '1': 0.1}
TK4e2Pn_S3c;People & Blogs; {'10': 0.1, '24': 0.6, '22': 0.2, '1': 0.1}
z2VZ_OGz0RU;Entertainment; {'24': 0.9, '19': 0.1}
KfGymftI8CI;People & Blogs; {'22': 0.4, '24': 0.2, '23': 0.2, '10': 0.2}
mU_ejCWE8Fk;Entertainment; {'23': 0.4, '24': 0.5, '22': 0.1}
BBCisEwkvKM;Entertainment; {'24': 0.5, '2': 0.1, '27': 0.1, '23': 0.3}
LO1tbwiNRew;Entertainment; {'24': 0.5, '22': 0.1, '23': 0.3, '10': 0.1}
cuZq6nqohT8;Entertainment; {'22': 0.4, '24': 0.4, '10': 0.1, '23': 0.1}
WPbRIaTXMpw;Comedy; {'23': 0.7999, '24': 0.1, '22': 0.1}
vXk0bYaTeio;Entertainment; {'24': 0.2, '23': 0.4, '2': 0.1, '1': 0.1, '22': 0.1, '20': 0.1}
ssK20zswczM;Comedy; {'24': 0.1, '23': 0.9}
sctcpoCjIa4;Entertainment; {'22': 0.2, '15': 0.3, '27': 0.2, '26': 0.1, '10': 0.1, '28': 0.1}
F9-mEi1t1QI;Comedy; {'20': 0.1, '23': 0.9}
agWc_81KS4k;Comedy; {'23': 0.6, '24': 0.1, '10': 0.1, '2': 0.1, '22': 0.1}
6Gh2GVsw1Lg;Comedy; {'22': 0.6, '10': 0.3, '1': 0.1}
LT-9Ws5HzaU;Comedy; {'1': 0.1, '22': 0.3, '23': 0.3, '24': 0.3}
35YHvoNXxAA;Entertainment; {'22': 0.3, '10': 0.1, '24': 0.3, '23': 0.1, '1': 0.1, '26': 0.1}
p7GV3O6xZDA;Entertainment; {'23': 0.9, '24': 0.1}
hKMkiypIPvc;Comedy; {'23': 0.6, '24': 0.1, '22': 0.3}
1gl__LLKMIs;Comedy; {'23': 0.7999, '2': 0.1, '10': 0.1}
qgpUibSQM7U;People & Blogs; {'23': 0.4, '22': 0.3, '24': 0.2, '1': 0.1}
w7llG46Iwoo;Comedy; {'23': 0.0888, '24': 0.0111, '1': 0.0111}
iZTDQMlndkw;Comedy; {'24': 0.1, '23': 0.7999, '20': 0.1}
GVQftSYQoLQ;People & Blogs; {'22': 0.3, '23': 0.5, '10': 0.1, '2': 0.1}
tJqT25gQNfA;People & Blogs; {'24': 0.2, '22': 0.3, '23': 0.4, '10': 0.1}
4xesOjHPz2Q;Comedy; {'23': 0.7, '22': 0.1, '24': 0.2}
mEdpUD6tXF8;Comedy; {'23': 0.9999}
fxuQ3w5TpRQ;Comedy; {'23': 0.9, '2': 0.1}
9X-8EpdkVA0;Comedy; {'23': 0.0888, '20': 0.0111, '1': 0.0111}
8lzPasOiskU;Comedy; {'23': 0.7999, '24': 0.1, '1': 0.1}
NoRFaiqiQGo;Education; {'25': 0.2, '27': 0.45, '28': 0.1, '24': 0.2, '22': 0.05}
OKjmktBYTQg;Entertainment; {'27': 0.09, '24': 0.065, '22': 0.025, '25': 0.02}
7pV3nI5sq-8;Entertainment; {'24': 0.1333, '27': 0.0833, '25': 0.0666, '28': 0.0333, '29': 0.0166}
uT_GcOGEFsk;Nonprofits & Activism; {'27': 0.1833, '24': 0.0333, '10': 0.0499, '22': 0.0166, '29': 0.0333, '17': 0.0166}
1sGyNx44Xw4;Education; {'27': 0.25, '22': 0.0166, '29': 0.0333, '24': 0.0166, '28': 0.0166}
Y82KNevhkkg;Education; {'27': 0.6, '22': 0.3, '10': 0.1}
2wPeC4CLkLU;Education; {'27': 0.7999, '1': 0.1, '22': 0.1}
La9oLLoI5Rc;People & Blogs; {'22': 0.0555, '27': 0.2222, '29': 0.0333, '10': 0.0222}
wuousSjxly8;Education; {'27': 0.7, '29': 0.1, '26': 0.1, '24': 0.1}
qxiAmJllp4I;Education; {'27': 0.5, '29': 0.3, '26': 0.1, '22': 0.1}
sp2_7_fUOFA;Education; {'27': 0.2666, '22': 0.0333, '29': 0.0333}
4Mtw3vBQYOg;People & Blogs; {'22': 0.5, '27': 0.4, '28': 0.1}
5MuIMqhT8DM;Science & Technology; {'22': 0.5, '28': 0.1, '25': 0.1, '29': 0.2, '27': 0.1}
Fu6lbDBEnlY;People & Blogs; {'28': 0.2, '27': 0.3, '22': 0.5}
Gj8n1U8ZcBQ;People & Blogs; {'22': 0.7, '24': 0.1, '27': 0.1, '1': 0.1}
kc_Jq42Og7Q;News & Politics; {'27': 0.3, '22': 0.1, '25': 0.3, '28': 0.2, '29': 0.1}
Czg_9C7gw0o;Nonprofits & Activism; {'29': 0.9999}
pOchBnZJdEk;Nonprofits & Activism; {'29': 0.9999}
TAIxb42FjwE;Nonprofits & Activism; {'29': 0.9, '28': 0.1}
WWloIAQpMcQ;Nonprofits & Activism; {'29': 0.9999}
79ExQWKb2vA;Education; {'27': 0.1737, '24': 0.0324, '23': 0.0199, '25': 0.0612, '28': 0.0125}
S-TO_OP_wTM;Education; {'27': 0.7, '22': 0.1, '24': 0.1, '25': 0.1}
QFqaBuFtigQ;News & Politics; {'25': 0.2583, '27': 0.0708, '26': 0.0041}
zTtzGhYd0Po;Education; {'25': 0.0416, '27': 0.2083, '10': 0.0833, '28': 0.075, '24': 0.05, '23': 0.0416}
rGqiswuJuQI;News & Politics; {'28': 0.4, '27': 0.3, '29': 0.1, '25': 0.2}
VSH9gOqevRc;Science & Technology; {'28': 0.2, '29': 0.2, '27': 0.3, '25': 0.2, '22': 0.1}
cCvf2DZzKX0;Education; {'28': 0.7, '27': 0.2, '29': 0.1}
BCTlcj5vImk;Science & Technology; {'25': 0.3, '28': 0.2, '22': 0.2, '27': 0.2, '29': 0.1}
6nnz0YRy6So;Education; {'27': 0.1625, '24': 0.0375, '29': 0.025, '25': 0.0437, '1': 0.0187, '28': 0.0125, '22': 0.0125}
qf1NIovYBgo;Entertainment; {'25': 0.2, '27': 0.5, '24': 0.1, '22': 0.1, '28': 0.1}
h-OGHXUtmto;Education; {'27': 0.7, '25': 0.3}
Hhp4uF-lIi0;News & Politics; {'25': 0.9999}
9AThycGCakk;Entertainment; {'22': 0.3333, '10': 0.1333, '27': 0.1999, '28': 0.0666, '29': 0.1333, '24': 0.0666, '25': 0.0666}
koVaxbWBlr4;Education; {'27': 0.9, '22': 0.1}
6__C7Wu8qV4;Education; {'27': 0.6, '22': 0.2, '25': 0.1, '29': 0.1}
-uMTxArD8gc;Education; {'27': 0.7, '29': 0.2, '22': 0.1}
2uHE3FTW2Qc;People & Blogs; {'27': 0.2, '22': 0.5, '29': 0.3}
7PdJ9TAdTdA;Education; {'27': 0.7, '25': 0.2, '24': 0.1}
OHAndY1GsVc;Entertainment; {'27': 0.6, '24': 0.2, '25': 0.2}
bUsXt8TmVfU;Education; {'27': 0.6, '29': 0.1, '24': 0.1, '25': 0.2}
eGmnaIDUnRs;Entertainment; {'27': 0.5, '24': 0.4, '1': 0.1}
HFhsh4V8SZA;Science & Technology; {'28': 0.5, '27': 0.1, '19': 0.2, '2': 0.2}
lYG7E0xTgY8;Education; {'27': 0.2833, '24': 0.0333, '25': 0.0166}
2EMQuCOGi7U;Entertainment; {'27': 0.2583, '24': 0.0833, '10': 0.0416, '22': 0.05, '17': 0.0416, '2': 0.025}
q4zZ2ker1iI;News & Politics; {'25': 0.0251, '27': 0.0727, '24': 0.0146, '22': 0.0384, '28': 0.002, '10': 0.0006}
dwV4T9of1oY;Education; {'27': 0.6, '25': 0.1, '10': 0.1, '24': 0.1, '28': 0.1}
gmEc7_jV3j0;News & Politics; {'27': 0.9, '25': 0.1}
HZP67-DECVw;Science & Technology; {'24': 0.0833, '27': 0.1166, '28': 0.1166, '25': 0.0166}
6J37jDyVeko;Entertainment; {'27': 0.3, '24': 0.5, '17': 0.1, '29': 0.1}
sXxktLAsBPo;Sports; {'29': 0.0333, '27': 0.0916, '17': 0.025, '25': 0.0416, '22': 0.0333, '10': 0.0083, '28': 0.0166}
aESqrP3hfi8;Education; {'27': 0.3439, '17': 0.0636, '28': 0.1484, '29': 0.0242, '2': 0.0196, '24': 0.0272, '26': 0.009}
BQHhDxRuTkI;News & Politics; {'27': 0.4, '28': 0.2, '24': 0.1, '22': 0.1, '25': 0.2}
vb-52nlv0qs;Sports; {'17': 0.2, '27': 0.6, '29': 0.1, '25': 0.1}
9qYCLXxzxBA;Nonprofits & Activism; {'27': 0.7999, '29': 0.1, '22': 0.1}
FfohcP_zBkQ;Sports; {'27': 0.7, '22': 0.2, '26': 0.1}
B9ly7JjqEb0;Education; {'27': 0.6249, '26': 0.025, '19': 0.025, '2': 0.175, '24': 0.05, '25': 0.05, '29': 0.05}
u1e3g8uqrJU;Science & Technology; {'28': 0.35, '22': 0.15, '17': 0.15, '27': 0.15, '2': 0.05, '24': 0.1, '19': 0.05}
0JtoSafhvLM;Nonprofits & Activism; {'27': 0.6, '22': 0.1, '28': 0.3}
bkfoL9afMcM;Education; {'27': 0.0833, '24': 0.0833, '25': 0.0666, '28': 0.0999}
zy7c_FHiEac;Education; {'27': 0.9999}
5hv4HfLQGlw;Education; {'27': 0.7999, '25': 0.2}
3G1EyvRZmOs;Education; {'28': 0.4, '25': 0.3, '29': 0.1, '27': 0.1, '19': 0.1}
Azck1jY79cA;Nonprofits & Activism; {'25': 0.6, '29': 0.2, '22': 0.2}
PmEDAzqswh8;Education; {'25': 0.4, '27': 0.3, '22': 0.3}
XdEuII9cv-U;Education; {'27': 0.2, '22': 0.2, '28': 0.3, '25': 0.2, '29': 0.1}
KNOlqzMd2Zw;Science & Technology; {'28': 0.4, '25': 0.2, '27': 0.2, '29': 0.1, '10': 0.1}
L-A027BFV7k;Education; {'25': 0.15, '27': 0.6499, '23': 0.05, '24': 0.15}
xMiug2sZ4Io;Education; {'24': 0.3, '27': 0.6, '23': 0.1}
xI-nAElOtmM;Entertainment; {'24': 0.7, '23': 0.2, '10': 0.1}
44B-OJcOXxc;Education; {'24': 0.1, '27': 0.5, '10': 0.1, '25': 0.3}
kGoWpcIdfds;News & Politics; {'25': 0.95, '27': 0.05}
Vmixv8Zp9ps;News & Politics; {'25': 0.76, '27': 0.12, '24': 0.02, '22': 0.04, '10': 0.04, '20': 0.02}
MUShhvNwlN0;Science & Technology; {'17': 0.4, '27': 0.2, '22': 0.1, '19': 0.1, '2': 0.1, '28': 0.1}
JUjBen0mLfs;People & Blogs; {'28': 0.5, '22': 0.15, '17': 0.15, '2': 0.2}
-rQmnj8IeBw;Travel & Events; {'17': 0.3, '27': 0.1, '28': 0.3, '19': 0.2, '2': 0.1}
HW7leoCOgxI;Sports; {'19': 0.1, '1': 0.2, '17': 0.3, '28': 0.2, '27': 0.1, '2': 0.1}
bnKIVX968PQ;Education; {'27': 0.6, '22': 0.1, '29': 0.2, '28': 0.1}
22ovt1EMULY;Education; {'27': 0.9, '22': 0.1}
OObwqreAJ48;Education; {'27': 0.9, '28': 0.1}
udNXMAflbU8;Science & Technology; {'28': 0.6499, '2': 0.05, '27': 0.1, '22': 0.05, '26': 0.05, '17': 0.05, '23': 0.05}
K_q-xnYRugQ;Science & Technology; {'28': 0.9, '27': 0.1}
C-nALYF73hU;People & Blogs; {'22': 0.5, '27': 0.1, '28': 0.35, '24': 0.05}
jMmUoZh3Hq4;Science & Technology; {'28': 0.9, '27': 0.1}
CCOdQsZa15o;Education; {'27': 0.7499, '28': 0.1, '19': 0.075, '1': 0.075}
NpVncWxyMJw;Science & Technology; {'29': 0.2, '27': 0.2, '23': 0.1, '2': 0.2, '28': 0.1, '17': 0.1, '22': 0.1}
kHZKo13HV2A;Nonprofits & Activism; {'29': 0.9999}
da1vvigy5tQ;Nonprofits & Activism; {'29': 0.9, '27': 0.1}
jOJLx4Du3vU;Nonprofits & Activism; {'29': 0.7999, '25': 0.1, '26': 0.1}
SBjtO-0tbKU;Nonprofits & Activism; {'29': 0.9999}
6hCRafyV0zI;News & Politics; {'27': 0.2, '28': 0.2, '25': 0.2, '29': 0.1, '17': 0.1, '24': 0.2}
6EFHZfISGp4;Entertainment; {'24': 0.3, '25': 0.1, '27': 0.3, '28': 0.2, '10': 0.1}
6aBQCZIeonc;Science & Technology; {'28': 0.3, '27': 0.4, '25': 0.2, '24': 0.1}
-6ZyQKiwMQw;Education; {'27': 0.6, '25': 0.1, '28': 0.2, '23': 0.1}
a04GaHUB7Qk;Comedy; {'27': 0.5, '22': 0.2, '28': 0.1, '23': 0.1, '25': 0.1}
TmNSlF7lcaw;News & Politics; {'25': 0.1833, '22': 0.0166, '26': 0.0333, '24': 0.0333, '28': 0.0166, '27': 0.0499}
tOHUwwP6LLs;News & Politics; {'25': 0.2333, '17': 0.0333, '10': 0.0333, '24': 0.0166, '28': 0.0166}
SPN-YJRaOl4;News & Politics; {'25': 0.7999, '22': 0.1, '1': 0.1}
9wsUnTugpjc;Sports; {'17': 0.7, '27': 0.1, '24': 0.2}
tiesXqT1P3g;Music; {'10': 0.55, '1': 0.15, '24': 0.1, '27': 0.1, '26': 0.1}
unI0V_54mY8;News & Politics; {'25': 0.7999, '27': 0.2}
GGp08YB4mao;News & Politics; {'25': 0.9999}
ZBlksv-LPiQ;News & Politics; {'25': 0.7999, '15': 0.2}
La7ZJ6k_XEg;News & Politics; {'25': 0.9, '27': 0.1}
qTk-69f64KU;News & Politics; {'25': 0.7999, '22': 0.1, '23': 0.1}
Iy4vq8RdPGU;News & Politics; {'25': 0.0666, '23': 0.0333, '22': 0.0333, '27': 0.0999, '24': 0.0833, '28': 0.0166}
UI_QcD030Xw;News & Politics; {'25': 0.5, '22': 0.1, '27': 0.4}
pZKuwgcKXwY;Education; {'26': 0.2, '22': 0.4, '28': 0.1, '24': 0.1, '27': 0.2}
H9B5mYfBPlY;Howto & Style; {'29': 0.2, '27': 0.5, '26': 0.2, '1': 0.1}
G57xfseSUTU;Nonprofits & Activism; {'27': 0.6, '29': 0.2, '26': 0.2}
T7frvyrcpDU;Education; {'26': 0.2, '28': 0.1, '27': 0.5, '1': 0.1, '22': 0.1}
C-mJnYmdVmQ;Education; {'26': 0.2, '27': 0.5, '1': 0.1, '24': 0.1, '29': 0.1}
6G59zsjM2UI;People & Blogs; {'25': 0.2, '22': 0.5, '24': 0.1, '27': 0.1, '28': 0.1}
9Xc7DN-noAc;People & Blogs; {'22': 0.6, '25': 0.1, '28': 0.1, '27': 0.2}
UZMIbo_DxJk;News & Politics; {'26': 0.1, '27': 0.2, '25': 0.4, '28': 0.2, '22': 0.1}
-5RCmu-HuTg;Howto & Style; {'27': 0.1583, '22': 0.0166, '25': 0.0666, '28': 0.0083}
qsHJ3LvUWTs;Education; {'27': 0.08, '25': 0.0466, '28': 0.0133, '1': 0.0066, '10': 0.0066, '22': 0.0133}
MnUfXYGtT5Q;Education; {'22': 0.019, '25': 0.0404, '27': 0.0737, '28': 0.0023, '26': 0.0023, '29': 0.0023, '24': 0.0023}
Xm_2zmX6Akc;Education; {'27': 0.6499, '25': 0.15, '26': 0.1, '17': 0.1}
5l6mwfsmnBU;Education; {'27': 0.9, '22': 0.1}
v8v7ueICWuU;Education; {'25': 0.2, '24': 0.275, '27': 0.35, '22': 0.1, '26': 0.075}
uOmh09d5hBI;Education; {'22': 0.2, '27': 0.4, '25': 0.3, '17': 0.1}
M5ToRmgT-R4;Education; {'24': 0.1, '10': 0.1, '22': 0.2, '27': 0.4, '17': 0.1, '25': 0.1}
tTnEY8y-p7M;News & Politics; {'27': 0.2, '22': 0.2, '24': 0.2, '10': 0.2, '1': 0.2}
dV4YLlaXxUE;News & Politics; {'25': 0.6, '27': 0.1, '22': 0.2, '15': 0.1}
xN2ZGSX0cIE;News & Politics; {'29': 0.1, '27': 0.4, '25': 0.2, '24': 0.2, '1': 0.1}
GbSLqgniSXw;Nonprofits & Activism; {'27': 0.3, '25': 0.3, '10': 0.1, '29': 0.1, '22': 0.1, '1': 0.1}
aNlW3HnNqlk;Entertainment; {'25': 0.2, '24': 0.2, '27': 0.4, '10': 0.2}
LFGJN2FWIiQ;News & Politics; {'25': 0.1, '29': 0.2, '27': 0.2, '24': 0.2, '22': 0.1, '10': 0.1, '17': 0.1}
aLxZF_EWaLE;Education; {'25': 0.1, '27': 0.5, '28': 0.2, '24': 0.1, '1': 0.1}
EcMKLwVlpJk;Science & Technology; {'26': 0.1, '22': 0.2, '27': 0.3, '28': 0.2, '25': 0.1, '24': 0.1}
TVgQ_tgWMyU;Education; {'27': 0.5, '29': 0.2, '26': 0.1, '28': 0.1, '22': 0.1}
SeGbR-QFQl0;Entertainment; {'24': 0.7, '28': 0.2, '25': 0.1}
n068fel-W9I;Education; {'27': 0.5666, '22': 0.1333, '24': 0.1, '28': 0.2}
d-7o9xYp7eE;Education; {'2': 0.1, '27': 0.4, '22': 0.4, '28': 0.1}
AxZWxxZ2JGE;Education; {'27': 0.7, '22': 0.1, '28': 0.2}
-PHcdn8R4d4;Entertainment; {'28': 0.4, '22': 0.1, '27': 0.3, '17': 0.1, '24': 0.1}
u5JfTVzDkfw;Music; {'27': 0.5, '22': 0.2, '24': 0.1, '25': 0.1, '1': 0.1}
QmOF0crdyRU;Science & Technology; {'28': 0.7, '27': 0.1, '24': 0.1, '22': 0.1}
fIEKfr9CaZA;Education; {'27': 0.175, '25': 0.025, '24': 0.0083, '26': 0.025, '22': 0.0166}
k5052kQo-TI;Entertainment; {'28': 0.2, '25': 0.15, '27': 0.35, '29': 0.1, '24': 0.05, '22': 0.15}
StzNlYXnCm4;Education; {'29': 0.02, '28': 0.02, '27': 0.0839, '24': 0.008, '22': 0.04, '26': 0.016, '25': 0.004, '23': 0.008}
0PTAc4WqZAg;Education; {'27': 0.0633, '25': 0.03, '24': 0.0166, '28': 0.0233, '22': 0.02, '26': 0.01, '10': 0.0033}
ITTxTCz4Ums;Nonprofits & Activism; {'27': 0.3, '24': 0.1, '25': 0.1, '28': 0.2, '22': 0.15, '26': 0.1, '29': 0.05}
-Osca2Zax4Y;Entertainment; {'24': 0.4, '27': 0.2, '25': 0.2, '28': 0.2}
NqANxJphRXo;Entertainment; {'28': 0.1, '24': 0.3, '25': 0.3, '22': 0.1, '27': 0.1, '26': 0.1}
WxiPhcckODc;News & Politics; {'25': 0.7999, '22': 0.1, '24': 0.1}
oke8jo9h9G8;Education; {'27': 0.7, '28': 0.1, '25': 0.1, '17': 0.1}
5axNR8R7XI8;Science & Technology; {'28': 0.2, '27': 0.3, '2': 0.2, '24': 0.1, '1': 0.1, '25': 0.1}
g2A6-5_EY7w;Entertainment; {'25': 0.1, '28': 0.3, '24': 0.4, '22': 0.1, '26': 0.1}
7gKqOgKhVqQ;Science & Technology; {'27': 0.3, '28': 0.6, '2': 0.1}
Uo-kSxHNSDQ;People & Blogs; {'22': 0.4, '27': 0.2, '24': 0.2, '25': 0.1, '28': 0.1}
ADiql3FG5is;Science & Technology; {'28': 0.7999, '27': 0.2}
jpAphcaVJIs;Education; {'27': 0.8999, '24': 0.05, '25': 0.05}
DfY-DRsE86s;Science & Technology; {'28': 0.9, '27': 0.1}
IxRfDtaot5U;Science & Technology; {'28': 0.7999, '22': 0.1, '10': 0.1}
xaQJbozY_Is;Education; {'27': 0.9999}
rhFK5_Nx9xY;Education; {'27': 0.9, '28': 0.1}
Jzfpyo-q-RM;Education; {'27': 0.9999}
-RdOwhmqP5s;Education; {'27': 0.6, '28': 0.4}
h7sxGXye844;Education; {'27': 0.1649, '26': 0.01, '24': 0.01, '25': 0.015}
TBuIGBCF9jc;Education; {'24': 0.0833, '27': 0.0999, '22': 0.0666, '28': 0.0333, '10': 0.0166, '25': 0.0166, '26': 0.0166}
Wm2R6MrJdyY;Education; {'27': 0.7999, '22': 0.1, '25': 0.1}
syP-OtdCIho;People & Blogs; {'25': 0.4, '28': 0.1, '27': 0.3, '24': 0.1, '26': 0.1}
xhFW027_efs;Education; {'27': 0.9, '24': 0.1}
ApC0faRYabI;Education; {'27': 0.6, '26': 0.1, '22': 0.2, '25': 0.1}
4DA82guEXSQ;Education; {'27': 0.5, '22': 0.3, '26': 0.1, '17': 0.1}
dPv1RYsi7sA;Education; {'27': 0.7, '25': 0.2, '28': 0.1}
HE_sXVVY4a0;Education; {'27': 0.7999, '24': 0.1, '25': 0.1}
1JqzdVMTTr8;Education; {'27': 0.9999}
Z7NFZ7b_67M;Education; {'27': 0.7999, '25': 0.1, '24': 0.1}
zXWGjbH1YlY;Education; {'27': 0.7999, '25': 0.1, '22': 0.1}
1lqSzp6P4-0;Education; {'27': 0.7999, '25': 0.1, '22': 0.1}
6a5PGK6Yih4;Education; {'27': 0.3333}
MV078z5fwds;Education; {'27': 0.3, '25': 0.0333}
AR-86T8jpuQ;Education; {'27': 0.3, '25': 0.0166, '26': 0.0166}
4OmC6LyO5QI;Education; {'27': 0.7, '26': 0.1, '22': 0.1, '25': 0.1}
P2AUat93a8Q;People & Blogs; {'24': 0.2, '29': 0.2, '22': 0.15, '27': 0.25, '28': 0.05, '26': 0.05, '25': 0.05, '1': 0.05}
2oNLoPAf1hg;People & Blogs; {'24': 0.2, '29': 0.1, '28': 0.3, '27': 0.4}
M8yf7SGJyFs;People & Blogs; {'28': 0.4, '2': 0.3, '22': 0.2, '24': 0.1}
-jHx5XsM_04;Sports; {'28': 0.1, '17': 0.5, '22': 0.2, '27': 0.1, '2': 0.1}
Ue_Tz7e0DmE;Science & Technology; {'22': 0.1, '28': 0.5, '19': 0.2, '17': 0.1, '26': 0.1}
wBiF6I1mWtM;Science & Technology; {'28': 0.5, '22': 0.4, '27': 0.1}
ul_xzyCDT98;Education; {'27': 0.5, '19': 0.1, '1': 0.1, '29': 0.2, '22': 0.1}
XfQUOHlAocY;Education; {'27': 0.9, '28': 0.1}
Uhx-26GfCBU;Education; {'27': 0.6, '28': 0.2, '29': 0.05, '22': 0.05, '2': 0.1}
8FKmIDApbe0;Entertainment; {'27': 0.2, '24': 0.3, '28': 0.2, '25': 0.2, '22': 0.1}
7pk9oDrpf6k;Science & Technology; {'25': 0.1, '28': 0.3, '27': 0.4, '24': 0.1, '29': 0.1}
0XIDykeZplU;Education; {'25': 0.1, '27': 0.3, '24': 0.5, '28': 0.1}
9ylqCET8xAA;Entertainment; {'27': 0.4, '24': 0.4, '28': 0.1, '29': 0.1}
v5iVRIWtIcA;People & Blogs; {'24': 0.3, '10': 0.1, '28': 0.3, '22': 0.2, '29': 0.1}
eW6egHV6jAw;Science & Technology; {'28': 0.3, '27': 0.3, '25': 0.1, '24': 0.2, '29': 0.1}
On-4lOWuWQQ;Science & Technology; {'27': 0.5, '28': 0.4, '25': 0.1}
HXXuIUHXQ-k;People & Blogs; {'22': 0.1, '27': 0.3, '10': 0.1, '24': 0.1, '28': 0.4}
wBio3y0Rrbc;Entertainment; {'27': 0.5, '22': 0.1, '29': 0.1, '28': 0.1, '24': 0.2}
W5OPCtf-EhI;Education; {'29': 0.2, '27': 0.2, '22': 0.4, '24': 0.1, '10': 0.1}
eXg4u8L9NyY;Nonprofits & Activism; {'22': 0.3, '23': 0.1, '29': 0.4, '27': 0.2}
gDjNv-ea56E;Education; {'27': 0.4, '22': 0.2, '29': 0.2, '25': 0.1, '24': 0.1}
u4VwSyMUguM;People & Blogs; {'22': 0.1166, '25': 0.0333, '24': 0.0666, '27': 0.0333, '29': 0.0333, '26': 0.0499}
2ockjqXZVl8;Entertainment; {'1': 0.1, '24': 0.3, '22': 0.5, '27': 0.1}
FjDfkQvPEFY;People & Blogs; {'22': 0.9999}
0jNt9_L8pWM;Education; {'27': 0.7, '29': 0.1, '22': 0.2}
bJuWsiBQnZI;Education; {'27': 0.4, '29': 0.1, '28': 0.1, '10': 0.1, '25': 0.1, '22': 0.2}
HskaWS0C3vU;Education; {'27': 0.9, '22': 0.1}
lWJYcxFTfOM;News & Politics; {'27': 0.1333, '22': 0.0666, '25': 0.0499, '1': 0.0166, '28': 0.0666}
Hj9oB4zpHww;Science & Technology; {'28': 0.7, '27': 0.2, '29': 0.1}
c4k1-DlInHA;Science & Technology; {'28': 0.5, '27': 0.4, '29': 0.1}
q0mljE9K-gY;Education; {'28': 0.3, '25': 0.1, '27': 0.5, '26': 0.1}
9DKhc1pcDFM;Science & Technology; {'28': 0.2, '22': 0.1, '27': 0.6, '29': 0.1}
1Vh-IBXLYK4;People & Blogs; {'22': 0.7, '24': 0.2, '28': 0.1}
2CXiAJ_PGXo;People & Blogs; {'22': 0.9, '24': 0.1}
wD8AwgO0AQI;Entertainment; {'24': 0.9, '1': 0.1}
__Y9Khqu6Sc;People & Blogs; {'22': 0.6, '24': 0.3, '23': 0.1}
jey_CzIOfYE;Science & Technology; {'27': 0.4, '25': 0.2, '26': 0.1, '29': 0.1, '28': 0.1, '24': 0.1}
SYPZwZud_PA;Education; {'27': 0.4, '29': 0.1, '25': 0.5}
XsinQ8U0elg;Education; {'29': 0.1, '23': 0.1, '27': 0.4, '25': 0.1, '28': 0.2, '22': 0.1}
-AS6rQtiEh8;Nonprofits & Activism; {'27': 0.4, '28': 0.3, '24': 0.1, '26': 0.1, '25': 0.1}
hHC6HrJuoDU;Education; {'27': 0.4, '25': 0.3, '24': 0.2, '29': 0.1}
qH1U9k0dwzI;Education; {'25': 0.3, '22': 0.2, '27': 0.4, '24': 0.1}
kasiov0ytEc;Education; {'25': 0.6, '27': 0.1, '22': 0.2, '28': 0.1}
O7EaCVnw5n4;Entertainment; {'25': 0.4, '27': 0.3, '28': 0.1, '22': 0.1, '26': 0.1}
Wuf_GHmjxLM;Education; {'10': 0.1, '24': 0.3, '27': 0.5, '22': 0.1}
ExDfj-_D6Sk;Entertainment; {'10': 0.3, '22': 0.2, '27': 0.2, '1': 0.3}
tqySnbbyB2U;Education; {'27': 0.9, '22': 0.1}
rZOatKrmpxA;Education; {'27': 0.6, '24': 0.1, '29': 0.1, '10': 0.1, '22': 0.1}
17O5mgXZ9ZU;Science & Technology; {'28': 0.7, '25': 0.1, '24': 0.2}
ntfcfJ28eiU;Science & Technology; {'28': 0.9, '25': 0.1}
nm1TxQj9IsQ;Science & Technology; {'28': 0.7999, '25': 0.1, '24': 0.1}
oeqPrUmVz-o;Howto & Style; {'24': 0.0625, '22': 0.15, '28': 0.025, '10': 0.0125, '27': 0.125, '25': 0.075, '23': 0.025, '26': 0.025}
GrO7Mz-2X6Y;People & Blogs; {'25': 0.3, '22': 0.3, '24': 0.2, '26': 0.2}
BI4t5mtkd3c;Entertainment; {'28': 0.0333, '26': 0.0333, '27': 0.0999, '22': 0.15, '23': 0.0166}
DirehGMdSRg;People & Blogs; {'23': 0.3, '22': 0.2, '2': 0.1, '24': 0.2, '19': 0.1, '10': 0.1}
gdX3TC3egsk;News & Politics; {'10': 0.2, '23': 0.2, '24': 0.2, '22': 0.3, '17': 0.1}
wKi3NwLFkX4;News & Politics; {'29': 0.1, '27': 0.4, '22': 0.3, '17': 0.2}
QOBJvVz7xgc;People & Blogs; {'24': 0.1, '22': 0.4, '15': 0.2, '27': 0.2, '25': 0.1}
vyzdlD44ebk;Science & Technology; {'27': 0.6, '22': 0.3, '17': 0.1}
I9D4ifGzndY;Education; {'22': 0.2, '17': 0.1, '27': 0.2, '28': 0.2, '2': 0.1, '25': 0.1, '26': 0.1}
kRZz-cwvqYs;Education; {'22': 0.1, '25': 0.1, '27': 0.4, '26': 0.1, '28': 0.3}
UrA-8rTxXf0;People & Blogs; {'27': 0.3, '28': 0.4, '29': 0.1, '25': 0.1, '26': 0.1}
j8llkjvURyg;Science & Technology; {'25': 0.2, '27': 0.4, '28': 0.3, '22': 0.1}
sQuDWt9qmBs;Education; {'27': 0.3, '22': 0.1, '28': 0.2, '29': 0.1, '25': 0.2, '26': 0.1}
BjMhLhXCirc;Howto & Style; {'26': 0.1555, '27': 0.0999, '28': 0.0333, '29': 0.0333, '10': 0.0111}
Gw1I7fqmxmA;Education; {'24': 0.1, '22': 0.6, '19': 0.1, '27': 0.2}
LRm_H158qc0;Education; {'29': 0.1, '27': 0.5, '28': 0.2, '17': 0.1, '26': 0.1}
v0CG5TM0oa4;Education; {'28': 0.3, '27': 0.3, '26': 0.2, '22': 0.2}
yPXhoQRTP9Q;Howto & Style; {'26': 0.3, '29': 0.1, '27': 0.3, '28': 0.1, '25': 0.1, '24': 0.1}
iHPKTby9z6o;Howto & Style; {'26': 0.1, '19': 0.1, '28': 0.1, '22': 0.2, '24': 0.3, '27': 0.2}
JUAa14kQpmQ;Science & Technology; {'25': 0.1, '22': 0.1, '28': 0.5, '29': 0.2, '24': 0.1}
NGIP-3Q-p_s;Education; {'27': 0.7999, '22': 0.1, '25': 0.1}
GWiS_byjcj8;Howto & Style; {'26': 0.4, '29': 0.3, '28': 0.1, '27': 0.1, '24': 0.1}
qeVpuYdnQlg;Nonprofits & Activism; {'29': 0.6, '27': 0.1, '26': 0.1, '24': 0.1, '22': 0.1}
u9v_MpcUPdg;Howto & Style; {'26': 0.3, '29': 0.4, '28': 0.1, '22': 0.1, '27': 0.1}
EzyAPEWOlxw;Howto & Style; {'10': 0.1, '27': 0.1, '19': 0.1, '26': 0.6, '17': 0.1}
Np86pYHzNz4;Howto & Style; {'26': 0.5, '22': 0.3, '27': 0.2}
FiHrWy2jGbA;Travel & Events; {'27': 0.7999, '22': 0.2}
UGshHR1OjJ8;Howto & Style; {'22': 0.3, '17': 0.4, '26': 0.2, '27': 0.1}
NNh7yczflQE;Entertainment; {'19': 0.2, '22': 0.6, '26': 0.1, '27': 0.1}
zkT-IiWWbf0;Travel & Events; {'26': 0.3, '22': 0.6, '19': 0.1}
JU0PJFDWcE8;People & Blogs; {'27': 0.3, '22': 0.4, '19': 0.1, '26': 0.2}
ifmPOMPlHn4;Travel & Events; {'19': 0.1, '1': 0.1, '27': 0.4, '26': 0.2, '22': 0.2}
iTUmPVrLbAc;People & Blogs; {'22': 0.5, '27': 0.2, '26': 0.2, '19': 0.1}
sO-19RK9VkE;Education; {'22': 0.5, '26': 0.2, '27': 0.1, '10': 0.2}
oDOBzkV_-g4;Travel & Events; {'19': 0.3, '26': 0.4, '10': 0.1, '22': 0.2}
4evBv-ljZAA;Howto & Style; {'19': 0.1, '22': 0.6, '26': 0.3}
4RQ44wQwpCc;People & Blogs; {'27': 0.3, '22': 0.1, '26': 0.4, '28': 0.2}
w7irEcQHChw;Howto & Style; {'19': 0.3, '26': 0.3, '22': 0.3, '27': 0.1}
gUt8OOkpJwU;Howto & Style; {'26': 0.4, '19': 0.3, '22': 0.2, '27': 0.1}
Bvg_ZCOeYvM;Education; {'22': 0.4, '26': 0.4, '19': 0.1, '27': 0.1}
MsD3aWzOZgQ;News & Politics; {'27': 0.2, '15': 0.1, '25': 0.4, '17': 0.1, '24': 0.1, '10': 0.1}
DL_WIJ_mi1A;News & Politics; {'27': 0.2, '28': 0.1, '17': 0.1, '25': 0.3, '22': 0.1, '10': 0.1, '24': 0.1}
bHZOfhwNjdo;News & Politics; {'25': 0.3, '28': 0.1, '27': 0.2, '17': 0.1, '24': 0.2, '22': 0.1}
KrjiCCwozBc;News & Politics; {'25': 0.15, '15': 0.1, '27': 0.05, '22': 0.2, '17': 0.1, '26': 0.3, '24': 0.1}
4hOXdwbJQJ8;Sports; {'17': 0.7571, '24': 0.1285, '25': 0.0571, '22': 0.0285, '28': 0.0285}
CTLU4AV1gBE;Sports; {'17': 0.7999, '24': 0.0666, '22': 0.0333, '27': 0.0333, '25': 0.0333, '23': 0.0333}
pc9QkhUCL34;Sports; {'17': 0.7333, '27': 0.0333, '22': 0.1333, '24': 0.1}
Ykw5Fpzz-dw;Sports; {'17': 1.2999, '22': 0.0333}
2HFSaxIsJCE;Pets & Animals; {'15': 0.7799, '22': 0.2, '1': 0.02}
Zk5bGqOhMHI;Pets & Animals; {'15': 0.9999}
KqSbDcks_uA;Pets & Animals; {'15': 0.7999, '1': 0.1, '24': 0.1}
eU4FItei9XY;Pets & Animals; {'15': 0.95, '22': 0.05}
i66wVz-FJq4;Entertainment; {'15': 0.1, '25': 0.3, '17': 0.1, '26': 0.1, '24': 0.2, '2': 0.1, '22': 0.1}
fuo-ErNGmAA;News & Politics; {'25': 0.4, '26': 0.2, '27': 0.2, '15': 0.1, '22': 0.1}
dOe--QDQmW4;Entertainment; {'24': 0.7, '27': 0.1, '22': 0.2}
LnBq47OXQYM;News & Politics; {'25': 0.5, '27': 0.3, '10': 0.1, '2': 0.1}
x09X87UCZTI;People & Blogs; {'26': 0.6, '22': 0.3, '27': 0.1}
SKZcVM_L-0o;Howto & Style; {'26': 0.8666, '10': 0.0666, '24': 0.0333, '27': 0.0333}
r8ePG94dydY;Education; {'10': 0.4, '24': 0.3, '27': 0.2, '22': 0.1}
o4MIxTm0FWQ;Music; {'10': 0.7, '1': 0.1, '22': 0.1, '25': 0.1}
UM82qxxskZE;Education; {'24': 0.1, '19': 0.1, '27': 0.7999}
2doP_3juV2Y;Education; {'27': 0.7, '15': 0.1, '24': 0.1, '1': 0.1}
2JHCfe86A8U;Education; {'27': 0.9999}
6SIAX7Ow2_c;Sports; {'17': 0.9999}
Xz-e1nV1NJI;Sports; {'17': 0.8, '22': 0.125, '26': 0.05, '23': 0.025}
Ll1IxpBOYRs;Sports; {'17': 0.9999}
XBjXaVMCErI;Sports; {'17': 0.9999}
c_asyIV2mVY;Sports; {'17': 0.9, '27': 0.05, '22': 0.05}
otLbdHvqJcg;Sports; {'17': 0.9999}
E6b991-gHJQ;Sports; {'17': 0.7999, '27': 0.1, '22': 0.1}
bemjEi5LNxE;Sports; {'17': 0.75, '24': 0.15, '23': 0.1}
Do20jB0DeYU;Sports; {'17': 0.9, '23': 0.1}
64u0boevHGc;Education; {'25': 0.1, '27': 0.8499, '24': 0.05}
gY60xaKPcvI;Education; {'27': 0.6, '24': 0.2, '28': 0.1, '25': 0.1}
9eR3_N9FtUY;Entertainment; {'29': 0.1, '24': 0.7, '27': 0.1, '25': 0.1}
M1CIjqvUxyc;Education; {'27': 0.6, '24': 0.3, '25': 0.1}
55cmuu-ierY;Entertainment; {'27': 0.1, '22': 0.2, '24': 0.4, '25': 0.3}
uT4JoaQWkkQ;Entertainment; {'23': 0.4, '24': 0.5, '27': 0.1}
g0F0rbcJxY4;Music; {'10': 0.7, '26': 0.2, '24': 0.1}
KorP9lq1voU;Howto & Style; {'10': 0.6, '27': 0.2, '19': 0.1, '26': 0.1}
-nphFK6HFjY;Education; {'10': 0.7, '27': 0.2, '19': 0.1}
i22h7YDaLho;Music; {'10': 0.7999, '26': 0.1, '27': 0.1}
CjLqcsehYZI;Howto & Style; {'27': 0.2, '26': 0.1, '10': 0.7}
YU3yv2-pnUU;Music; {'10': 0.7999, '27': 0.1, '26': 0.1}
zrrQy03Lm2w;Music; {'10': 0.7999, '27': 0.1, '24': 0.1}
wjcN_NEuZKo;Music; {'10': 0.9, '27': 0.1}
7hrdRapArLU;Music; {'10': 0.7999, '22': 0.1, '26': 0.1}
jp-4-Cyq518;Music; {'24': 0.2, '10': 0.7, '28': 0.1}
WRAK3WBSKWw;Music; {'10': 0.9999}
rmhir9D6IVQ;Entertainment; {'26': 0.1, '10': 0.7, '24': 0.1, '22': 0.1}
Ad4KyKDKeLQ;Comedy; {'25': 0.2, '23': 0.3, '10': 0.1, '27': 0.2, '2': 0.1, '22': 0.1}
aTu6fUX0AO8;Comedy; {'23': 0.9999}
sTED2T6MviA;Comedy; {'22': 0.2, '23': 0.7, '10': 0.1}
N_3KAIZhMKI;Comedy; {'23': 0.7999, '24': 0.2}
vPOnumwcob4;Comedy; {'23': 0.2, '22': 0.4, '24': 0.3, '27': 0.1}
GCHhwQUeEYU;Education; {'27': 0.7, '25': 0.1, '24': 0.1, '22': 0.1}
IlWzCFhEwIQ;Comedy; {'17': 0.1, '1': 0.1, '24': 0.2, '23': 0.5, '10': 0.1}
jereBB0BEew;Comedy; {'23': 0.2, '22': 0.1, '24': 0.6, '2': 0.1}
XvEF6alw4Rs;Sports; {'24': 0.4, '17': 0.5, '2': 0.1}
n4AWs7bbgkc;Music; {'22': 0.2, '24': 0.5, '23': 0.3}
KMtrY6lbjcY;Science & Technology; {'28': 0.6, '27': 0.2, '22': 0.1, '24': 0.1}
GrDXIj0Mj00;Autos & Vehicles; {'2': 0.7999, '28': 0.1, '24': 0.1}
pcVGqtmd2wM;Education; {'27': 0.9, '19': 0.1}
dW4aIatRP34;Sports; {'17': 0.5, '28': 0.2, '27': 0.1, '26': 0.1, '19': 0.1}
8SKeQ6B2UTk;Travel & Events; {'19': 0.1, '28': 0.6, '17': 0.1, '27': 0.1, '26': 0.1}
7kiQCVkluow;Sports; {'17': 0.9, '2': 0.1}
cvC6x08ZOV8;Sports; {'17': 0.9, '28': 0.1}
ZMNPXZnxXgQ;Autos & Vehicles; {'28': 0.3, '17': 0.2, '2': 0.1, '27': 0.2, '26': 0.1, '22': 0.1}
YgW3smxN1os;Autos & Vehicles; {'2': 0.3, '26': 0.2, '27': 0.2, '28': 0.1, '17': 0.1, '25': 0.1}
bglWCuCMSWc;Education; {'27': 0.7999, '28': 0.1, '2': 0.1}
fqOcYhzWUZY;Science & Technology; {'22': 0.3, '28': 0.5, '25': 0.1, '19': 0.1}
YeEB2Lxbfa4;Travel & Events; {'1': 0.1, '22': 0.2, '28': 0.4, '2': 0.1, '27': 0.1, '19': 0.1}
Wwzj7hrydK8;Science & Technology; {'28': 0.3, '22': 0.1, '1': 0.1, '24': 0.1, '2': 0.2, '19': 0.1, '10': 0.1}
YYwN1R8hVsI;People & Blogs; {'22': 0.7, '27': 0.1, '24': 0.1, '28': 0.1}
rGwHWNFdOvg;People & Blogs; {'22': 0.9, '28': 0.1}
wh_Y9OLQlzg;Science & Technology; {'28': 0.7999, '22': 0.2}
easH7ueBKXc;People & Blogs; {'22': 0.7, '2': 0.1, '28': 0.2}
sKs3ov6hFqM;People & Blogs; {'22': 0.9999}
egRS1dznH-Y;Science & Technology; {'28': 0.2, '25': 0.1, '22': 0.4, '24': 0.2, '27': 0.1}
izbGSsG_Q9k;News & Politics; {'25': 0.6, '27': 0.3, '29': 0.1}
DCMmCekKO_c;People & Blogs; {'22': 0.7999, '27': 0.1, '28': 0.1}
OM2UpLIpRhI;Science & Technology; {'27': 0.1, '28': 0.7999, '23': 0.1}
8Sv6afYIVUU;Comedy; {'23': 0.3, '10': 0.1, '22': 0.2, '24': 0.4}
XUr1PUSFosg;Entertainment; {'23': 0.4, '24': 0.3, '25': 0.1, '22': 0.1, '10': 0.1}
id3uJa-hSF4;Comedy; {'24': 0.2, '23': 0.4, '22': 0.3, '25': 0.1}
1rStlf1_rc0;Science & Technology; {'28': 0.4, '27': 0.4, '25': 0.1, '22': 0.1}
dICrBvTlqsg;Science & Technology; {'28': 0.7999, '22': 0.1, '2': 0.1}
sKeQe7oc2gk;Education; {'27': 0.6, '28': 0.25, '19': 0.15}
xtlwVMASbWQ;Science & Technology; {'28': 0.9, '27': 0.1}
tY6aCg5InzY;Science & Technology; {'28': 0.9, '27': 0.1}
CVmy1uWiQsI;Science & Technology; {'28': 0.9999}
9ipP7qvWdC8;Sports; {'17': 0.8499, '22': 0.1, '24': 0.05}
Em0NxAOgt8A;Sports; {'17': 0.9, '22': 0.1}
Kk3jw3FvoUE;Sports; {'17': 0.9, '22': 0.1}
8avNI5Tgzfs;Sports; {'17': 0.825, '22': 0.175}
LmBfNr-Yc6M;Sports; {'22': 0.1999, '17': 0.7333, '24': 0.0333, '2': 0.0333}
AI-b1eNA9Xs;Sports; {'17': 0.9, '22': 0.1}
sotIUkQRRzI;Sports; {'17': 0.7999, '22': 0.1, '2': 0.1}
QiJDc7EOkR4;Sports; {'17': 0.6, '22': 0.4}
laPC4ibZnSM;Sports; {'17': 0.6, '22': 0.3, '23': 0.1}
6Ldt8aUu7ZY;Sports; {'22': 0.3, '17': 0.7}
D2_fDj90vQE;Sports; {'17': 0.7, '22': 0.3}
GW6Z3y24ZAI;People & Blogs; {'22': 0.45, '24': 0.1, '17': 0.35, '25': 0.05, '27': 0.05}
u-0Bjz0R1UY;Sports; {'17': 0.7999, '22': 0.2}
jtmPqUyq8s4;People & Blogs; {'22': 0.5, '17': 0.4, '25': 0.1}
OxASR5O9I8o;Sports; {'17': 0.7999, '22': 0.2}
exVdcIseEks;People & Blogs; {'22': 0.5, '24': 0.1, '17': 0.4}
OexMDw6PEK8;People & Blogs; {'22': 0.3, '17': 0.6, '28': 0.1}
hrr-tG8hCDU;Entertainment; {'24': 0.55, '22': 0.2, '17': 0.25}
v3NZXbvqylQ;Sports; {'17': 0.9999}
npA2OLipjIE;Entertainment; {'24': 0.6, '17': 0.2, '22': 0.2}
BFwJ2w39jgc;Sports; {'17': 0.9999}
nBlQOM-H1Mw;People & Blogs; {'22': 0.5, '17': 0.3, '24': 0.2}
8ygvVgwpQUo;Sports; {'17': 0.7999, '25': 0.1, '22': 0.1}
RDBm59WhQr4;Sports; {'17': 0.7999, '27': 0.1, '24': 0.1}
one9M8l5-6w;Sports; {'17': 0.9999}
bkKEkqCiTvA;Sports; {'17': 0.9999}
cIe_fAjaqZY;Sports; {'17': 0.9, '23': 0.1}
0YRCnvjt8DU;Sports; {'17': 0.7333, '24': 0.1333, '27': 0.0666, '22': 0.0666}
AiyTIy9I1F0;Sports; {'17': 0.9999}
qx5nNE_VcJY;Sports; {'17': 0.9999}
PJhlH8RLK1I;Sports; {'17': 0.925, '22': 0.05, '28': 0.025}
Vk4RENNkWf4;Sports; {'17': 0.9333, '25': 0.0666}
NUxR3qKLGW8;Sports; {'17': 0.7999, '24': 0.1, '10': 0.1}
vSFxp70tLFw;Sports; {'17': 0.9, '22': 0.025, '24': 0.025, '25': 0.025, '23': 0.025}
3aqFO201Ga0;Sports; {'17': 0.9999}
BN4yHjjfDok;People & Blogs; {'22': 0.7999, '17': 0.1, '24': 0.1}
VIbilZnqkwo;Sports; {'17': 0.9, '1': 0.1}
rCpSpGOYOrE;Sports; {'17': 0.95, '25': 0.05}
TKCp2t7cQYo;Sports; {'17': 0.9, '26': 0.1}
dRdwF8gCRHM;Sports; {'17': 0.7, '22': 0.2, '27': 0.1}
DcR2m1sVYd8;Sports; {'17': 0.9, '2': 0.1}
fpbKM6qJ2Tc;Howto & Style; {'26': 0.4, '22': 0.1, '17': 0.4, '19': 0.1}
pIVPd085jKM;Sports; {'17': 0.5, '22': 0.3, '24': 0.1, '28': 0.1}
L_DS_w_50Bo;People & Blogs; {'17': 0.4, '24': 0.2, '26': 0.2, '22': 0.1, '2': 0.1}
cjWvnvhbKKw;Sports; {'25': 0.1, '17': 0.7, '22': 0.1, '24': 0.1}
9hflgte_xUg;Entertainment; {'24': 0.6, '25': 0.1, '29': 0.2, '27': 0.1}
hQhWQs_B8Xo;Sports; {'17': 0.95, '22': 0.05}
7D7j9_wZ8MI;Sports; {'17': 0.9, '24': 0.1}
GeF699IHuqw;Sports; {'17': 0.6, '22': 0.2, '24': 0.2}
mI5DnmpWT-c;Sports; {'17': 0.7999, '22': 0.1, '23': 0.1}
OXC58HUIlWs;Sports; {'17': 0.9, '24': 0.1}
rfK0XxhFjGE;People & Blogs; {'22': 0.3, '17': 0.4, '20': 0.2, '10': 0.1}
nrOhqR44A3M;Sports; {'17': 0.7999, '24': 0.2}
utdGIX44dyg;Sports; {'17': 0.9, '22': 0.1}
Joq_USxqQSo;Sports; {'17': 0.9999}
67YQOReR9_o;Sports; {'17': 0.9999}
qLu8c04L-U8;Sports; {'17': 0.7, '22': 0.2, '24': 0.1}
Bg7UjvTYw2E;People & Blogs; {'17': 0.3, '22': 0.5, '20': 0.1, '15': 0.1}
LLX23ZQ--Ro;Sports; {'17': 0.7999, '27': 0.1, '24': 0.1}
eiFtHiFTsDw;Sports; {'24': 0.1, '17': 0.7, '22': 0.1, '23': 0.1}
kEDELoM-v0g;People & Blogs; {'22': 0.7999, '17': 0.2}
57dEti0yp3w;Comedy; {'22': 0.4, '23': 0.4, '24': 0.2}
gTC2vqSCmDs;Sports; {'17': 0.7999, '23': 0.1, '22': 0.1}
ZbjObpXCAfI;Sports; {'17': 0.9333, '22': 0.0666}
jTC0HinZsAI;Sports; {'22': 0.4, '17': 0.6}
IOLmQrJgmK8;Sports; {'17': 0.7, '22': 0.1, '24': 0.2}
WU2ASmD1NJc;Sports; {'17': 0.9999}
hNP3OK9_XC8;Sports; {'17': 0.7, '22': 0.2, '23': 0.1}
uOzCLZxmMV8;Sports; {'17': 0.7, '22': 0.3}
yMsKEMfDslA;Sports; {'17': 0.9999}
kt7rscXjQTE;People & Blogs; {'17': 0.6, '22': 0.3, '24': 0.1}
DUrk0O464H8;Sports; {'17': 0.9999}
zYb19UUD7kw;Sports; {'17': 0.9999}
iv9zj0MLA90;Sports; {'17': 0.9, '23': 0.1}
jr7tOcJVtJ0;Sports; {'17': 0.9999}
hNojmfZARac;Sports; {'17': 0.9999}
KDu-UOnTipE;Sports; {'17': 0.6499, '24': 0.15, '27': 0.05, '22': 0.15}
RTr_xF57ezU;Sports; {'17': 0.9999}
5lD6-FsOFxo;News & Politics; {'25': 0.6833, '26': 0.0666, '27': 0.0999, '15': 0.0999, '22': 0.0333, '24': 0.0166}
x7Ol5epAW28;News & Politics; {'25': 0.9, '27': 0.1}
qAQsMSsA_0g;News & Politics; {'25': 0.9, '15': 0.1}
cos8QqFegO4;Pets & Animals; {'15': 0.9999}
YOsVpoe5tzY;Pets & Animals; {'15': 0.5, '26': 0.1, '22': 0.3, '24': 0.1}
HHuX64QSmV0;News & Politics; {'25': 0.9749, '24': 0.125, '15': 0.05, '10': 0.075, '26': 0.025}
YIt7FOCPFts;News & Politics; {'25': 0.5333, '27': 0.1666, '15': 0.1, '26': 0.1, '24': 0.0666, '19': 0.0333}
R3vhPqGY4zU;News & Politics; {'25': 0.7999, '27': 0.2}
5eY78cl6J5Y;News & Politics; {'25': 0.9999}
_z4iVqd-Tkk;Education; {'27': 0.9, '28': 0.1}
gCL5bWGDHXo;News & Politics; {'25': 0.8333, '24': 0.0333, '22': 0.0333, '27': 0.1}
VK27w0u1j9I;News & Politics; {'25': 0.9, '15': 0.075, '24': 0.025}
galBSHKyU8w;News & Politics; {'25': 0.9, '27': 0.0333, '26': 0.0666}
nO2IFDuaFVo;News & Politics; {'25': 0.7, '24': 0.1, '29': 0.05, '27': 0.1, '26': 0.05}
DrGdwoRiet4;News & Politics; {'25': 0.9, '27': 0.1}
kcB1jdmPVJ8;News & Politics; {'25': 0.9, '27': 0.0666, '17': 0.0333}
tsmF8QOM_Rk;News & Politics; {'25': 0.7999, '2': 0.1, '24': 0.1}
NBBzO9mGdhQ;News & Politics; {'25': 0.8499, '27': 0.15}
PFNdIup9kS0;Howto & Style; {'26': 0.4666, '2': 0.2, '27': 0.2333, '22': 0.0333, '24': 0.0333, '28': 0.0333}
QGK6udAs3Wg;News & Politics; {'25': 0.4, '2': 0.1, '27': 0.4, '28': 0.1}
ypa93YEPqKg;Education; {'2': 0.1, '1': 0.1, '28': 0.2, '24': 0.2, '27': 0.4}
V16GdzRvhRU;Education; {'27': 0.7, '25': 0.1, '22': 0.1, '24': 0.1}
GU87SH5e0eI;News & Politics; {'25': 0.5, '2': 0.1, '27': 0.2, '28': 0.2}
AqjRcQabs_c;Howto & Style; {'26': 0.9, '22': 0.1}
F89-K4IRG8A;Howto & Style; {'26': 0.7999, '24': 0.1, '27': 0.1}
owxBBztQJIE;Howto & Style; {'26': 0.9999}
hDH--FAjX4k;Howto & Style; {'26': 0.35, '22': 0.2, '24': 0.1, '19': 0.1, '2': 0.25}
wO9gF4S1_I4;Howto & Style; {'26': 0.9, '22': 0.1}
wuvuKz4W-B8;Howto & Style; {'26': 0.9999}
higZGd1fU4Q;Howto & Style; {'26': 0.9999}
rz9SoKO4q_w;Howto & Style; {'26': 0.7, '24': 0.1, '27': 0.2}
yfBwePSC6PU;Howto & Style; {'26': 0.9, '27': 0.1}
adIBqvwrQ_k;Howto & Style; {'26': 0.7999, '24': 0.05, '2': 0.1, '27': 0.05}
w4ifmCqRxWg;Howto & Style; {'26': 0.9, '27': 0.1}
G-LIVfORDdY;Entertainment; {'1': 0.1, '22': 0.1, '27': 0.1, '25': 0.1, '10': 0.5, '24': 0.1}
Ps638erKAn4;Music; {'10': 0.7999, '22': 0.2}
WUhMLw6vq8g;Music; {'10': 0.7999, '1': 0.1, '22': 0.1}
0y_3Ax7XabI;Music; {'10': 0.7, '22': 0.3}
AdzqdAQDqgI;Music; {'10': 0.6, '1': 0.2, '22': 0.1, '24': 0.1}
lW1ChBZAvRc;Music; {'10': 0.9999}
xaC41M5V1rc;Music; {'20': 0.2, '10': 0.7, '22': 0.1}
qJA_VjFaJ9k;Music; {'10': 0.7, '24': 0.1, '22': 0.2}
AQoW1eZzPLQ;Music; {'10': 0.9999}
10P52OzMwTc;People & Blogs; {'22': 0.4, '24': 0.4, '10': 0.2}
xQPak0N-1hU;Entertainment; {'10': 0.1, '22': 0.1, '24': 0.6, '1': 0.2}
oE-pXV-G9aY;Entertainment; {'24': 0.2, '10': 0.3, '22': 0.3, '1': 0.2}
CtwJqDdAKoY;Music; {'10': 0.6, '22': 0.2, '24': 0.2}
xVFNwUvCnDw;Autos & Vehicles; {'22': 0.3, '2': 0.7}
rWJnOZTAPuo;Autos & Vehicles; {'2': 0.3, '19': 0.6, '26': 0.1}
l-DgMYB6L0c;Autos & Vehicles; {'26': 0.5, '27': 0.1, '19': 0.1, '2': 0.3}
FLZtljVoRjI;Howto & Style; {'26': 0.6, '1': 0.1, '19': 0.2, '24': 0.1}
j03yiaPFM9Q;Howto & Style; {'2': 0.3, '19': 0.2, '26': 0.4, '22': 0.1}
ktkXcXmR96Q;Travel & Events; {'22': 0.3, '19': 0.5, '26': 0.1, '24': 0.1}
U-7O-fIYSsY;Howto & Style; {'26': 0.5, '22': 0.4, '27': 0.1}
v0i3cspYFVY;Howto & Style; {'26': 0.9, '22': 0.1}
nZrW0v13BJI;Howto & Style; {'26': 0.6, '24': 0.1, '27': 0.1, '2': 0.1, '22': 0.1}
1ltMD_QDJ_4;Howto & Style; {'2': 0.1, '26': 0.6, '22': 0.1, '27': 0.1, '19': 0.1}
-mzai5xwsg8;Howto & Style; {'26': 0.9999}
-uIaYGTFZK4;News & Politics; {'25': 0.9999}
L4lPeqpIlDg;News & Politics; {'24': 0.1, '25': 0.7, '27': 0.2}
KojYvO2Mjj0;News & Politics; {'25': 0.7, '27': 0.1, '2': 0.1, '24': 0.1}
uRiNDGB-DYA;News & Politics; {'25': 0.6, '27': 0.1, '26': 0.1, '24': 0.2}
JiTlOO9FlvQ;News & Politics; {'25': 0.7, '15': 0.1, '24': 0.1, '10': 0.1}
rAw1IXWwjhs;News & Politics; {'25': 0.9, '26': 0.05, '27': 0.05}
FrMOlOA7F3E;News & Politics; {'25': 0.9, '27': 0.1}
WH6q-HfcmjU;News & Politics; {'25': 0.6, '27': 0.3, '24': 0.1}
lzxCvo_vSRw;News & Politics; {'25': 0.5, '15': 0.1, '27': 0.3, '10': 0.1}
PUPpnigFLCQ;Education; {'28': 0.4, '24': 0.2, '27': 0.3, '26': 0.1}
BJBJQAUE0qM;People & Blogs; {'17': 0.3, '22': 0.3, '1': 0.1, '28': 0.1, '27': 0.1, '2': 0.1}
AWACAnGNWO4;Sports; {'17': 0.7999, '24': 0.1, '22': 0.1}
